{"saveInfo":[{"key":"saveVersion","value":"1.0.0"}],"searchEngineUrlToUse":"duckduckgo.com","delayToFirstSearch":15,"countOfSubsequentSearches":35,"delayOfSubsequentSearches":[7,11],"doPauseForEachXSearches":[8,12],"durationForNeededPauses":[150,280],"simulatedInputsVolume":80,"stopSearchingOnMouseMove":true,"currentSelectedControlScheme":1,"scheme1_urlBarClickPoint":[50,50],"scheme1_seHomePageInSearchBarPoint":[205,50],"scheme1_seHomePageOutSearchBarPoint":[424,50],"scheme1_seResultPageInSearchBarPoint":[50,126],"scheme1_seResultPageOutSearchBarPoint":[269,126],"scheme1_seResultPageLogoPoint":[498,126],"scheme2_urlBarClickPoint":[50,50],"scheme2_seHomePageInSearchBarPoint":[205,50],"scheme2_seHomePageOutSearchBarPoint":[424,50],"scheme2_seResultPageInSearchBarPoint":[50,126],"scheme2_seResultPageOutSearchBarPoint":[269,126],"scheme2_seResultPageLogoPoint":[498,126],"scheme3_urlBarClickPoint":[50,50],"scheme3_seHomePageInSearchBarPoint":[205,50],"scheme3_seHomePageOutSearchBarPoint":[424,50],"scheme3_seResultPageInSearchBarPoint":[50,126],"scheme3_seResultPageOutSearchBarPoint":[269,126],"scheme3_seResultPageLogoPoint":[498,126]}